chrom,pos,comment
1,21890632,rs121918007
1,45797228,rs36053993
1,45798475,rs34612342
1,53668099,rs74315294
1,76226846,rs77931234
1,94473807,rs1800553
1,94517254,rs76157638
1,114394689,rs33996649
1,152284041,rs200519781
1,152285077,rs558269137
1,152285861,rs61816761
1,155205634,rs76763715
1,169519049,rs6025
1,196709816,rs149474608
1,200878026,rs41313912
10,112724120,rs267607048
11,5246908,rs33946267
11,5248173,rs33950507
11,5248232,rs334
11,5248233,rs33930165
11,20673878,rs143918578
11,46761055,rs1799963
11,58892377,rs768272759
11,66293652,rs113624356
11,71146886,rs138659167
12,6143978,rs41276738
12,40734202,rs34637584
12,103237484,rs62642937
12,112915523,rs28933386
12,121174897,rs61732144
13,20763612,rs72474224
13,20763620,rs35887622
13,52518281,rs76151636
13,52532469,rs28942074
14,23898214,rs121913625
14,94844947,rs28929474
14,94847262,rs17580
15,28230247,rs121918166
15,45391908,rs113632824
15,72105913,rs28937873
15,72638921,rs387906309
16,3293310,rs28940579
16,3293405,rs28940578
16,3293407,rs61752717
16,3293447,rs28940580
16,8905010,rs28936415
16,30762587,rs143983247
16,31501798,rs61742739
16,89613145,rs61755320
17,3402294,rs28940279
17,41055964,rs1801175
17,79767715,rs1801483
18,29172937,rs28933979
18,29178618,rs76992529
19,47126849,rs4987262
2,21229160,rs5742904
2,44539792,rs121912691
2,65237863,rs201278558
2,118575158,rs141279997
2,208992950,rs28931604
22,29091207,rs137853011
3,14183165,rs63750743
3,15686693,rs13078881
3,37058999,rs63751194
3,47163523,rs201752182
3,150690352,rs111033258
4,47939240,rs192912733
4,106157703,rs147836249
4,187195347,rs121965063
4,187201412,rs121965064
5,41158865,rs61469168
5,147207678,rs17107315
5,150723155,rs77010315
6,26091179,rs1799945
6,26093141,rs1800562
6,32007887,rs6471
6,32008500,rs202242769
6,32008505,rs745358717
6,32008783,rs6445
6,43483719,rs535007221
6,64430580,rs536788112
6,161127501,rs73015965
7,6018315,rs587779335
7,74197872,rs145360423
7,107555951,rs121964990
7,117149177,rs75961395
7,117180284,rs121909011
7,117188849,rs74551128
7,117199645,rs1297060838
7,117199646,rs113993960
7,117227860,rs75527207
7,142458412,rs202003805
7,142458451,rs111033566
7,142459788,rs111033568
7,142459789,rs111033565
7,151273498,rs121908987
9,34647855,rs111033690
9,34648116,rs111033715
9,34648167,rs75391579
9,34648350,rs111033728
9,34648392,rs111033744
9,34649029,rs111033773
9,111662096,rs111033171
X,100656740,rs104894845
X,148044334,rs140927355
X,153296363,rs28935468
X,153296806,rs28934906
X,153296882,rs28934904
X,153297719,rs28934907
X,153760472,rs72554664
X,153760484,rs72554665
X,153761240,rs76723693
X,153762634,rs5030868
X,153764217,rs1050828
13,20763554,rs80338942
2,31754395,rs9332964
3,81691938,rs80338671
6,10770421,rs79544660
6,80878662,rs79761867
7,117171029,rs78655421
7,117180324,rs77932196
7,117227887,rs80055610
7,117292931,rs80034486
3,128598490,CA114709
16,3299586,CA280114
16,3299468,CA280116
13,73409497,CA210261
12,121175678,CA312214
